fiscal_year,sector,export_pkr_thousands,avg_usd_rate,export_usd_thousands,employment_share,export_usd_growth_pct,export_pkr_growth_pct
2017-18,Agriculture,446030895,,,,,
2018-19,Agriculture,569870700,136.0900933052333,4187451.7546391147,38.1,,27.764849114319755
2019-20,Agriculture,637819261,158.02534932365788,4036183.205604928,,-3.6124248802771763,11.923504928398664
2020-21,Agriculture,649484015,160.02190389196286,4058719.457796805,36.9,0.558355531547261,1.8288494426636603
2021-22,Agriculture,892270165,177.45118794295243,5028256.927120994,,23.88776754357107,37.3813895943228
2022-23,Agriculture,1113899320,248.03875926991196,4490827.656446515,,-10.688182375402056,24.838794761225703
2023-24,Agriculture,1945277506,282.89845707291914,6876239.362092352,,53.11741817171751,74.63674418977111
2017-18,Manufacturing,2048598375,,,,,
2018-19,Manufacturing,2475205815,136.0900933052333,18187994.106583633,15.1,,20.82435704362988
2019-20,Manufacturing,2667706484,158.02534932365788,16881509.80470966,,-7.1832236926064,7.777158078468727
2020-21,Manufacturing,3332327656,160.02190389196286,20824197.031487554,14.9,23.35506286101228,24.913579360629544
2021-22,Manufacturing,4598740498,177.45118794295243,25915523.876224585,,24.449090819869834,38.00385114350231
2022-23,Manufacturing,5561762125,248.03875926991196,22422955.756474238,,-13.476741340176023,20.94098650312666
2023-24,Manufacturing,6418983164,282.89845707291914,22690060.703814514,,1.1912120339583332,15.412759836434041
2017-18,Mining,99037582,,,,,
2018-19,Mining,138462603,136.0900933052333,1017433.3754731541,0.3,,39.8081417213922
2019-20,Mining,121784045,158.02534932365788,770661.4509711942,,-24.254357135394677,-12.045532612152321
2020-21,Mining,119364086,160.02190389196286,745923.4210873246,0.3,-3.209973698917279,-1.987090345044784
2021-22,Mining,166877796,177.45118794295243,940415.2090187663,,26.07396180802757,39.80570001599979
2022-23,Mining,182451815,248.03875926991196,735577.8408867896,,-21.781588192911617,9.332589100110123
2023-24,Mining,306381723,282.89845707291914,1083009.5228162657,,47.23248344602433,67.92473289454533
