fiscal_year,sector,export_pkr_thousands,avg_usd_rate,export_usd_thousands
2017-18,Agriculture,446030895,,
2017-18,Manufacturing,2048598375,,
2017-18,Mining,99037582,,
2018-19,Agriculture,569870700,136.0900933052333,4187451.7546391147
2018-19,Manufacturing,2475205815,136.0900933052333,18187994.106583633
2018-19,Mining,138462603,136.0900933052333,1017433.3754731541
2019-20,Agriculture,637819261,158.02534932365788,4036183.205604928
2019-20,Manufacturing,2667706484,158.02534932365788,16881509.80470966
2019-20,Mining,121784045,158.02534932365788,770661.4509711942
2020-21,Agriculture,649484015,160.02190389196286,4058719.457796805
2020-21,Manufacturing,3332327656,160.02190389196286,20824197.031487554
2020-21,Mining,119364086,160.02190389196286,745923.4210873246
2021-22,Agriculture,892270165,177.45118794295243,5028256.927120994
2021-22,Manufacturing,4598740498,177.45118794295243,25915523.876224585
2021-22,Mining,166877796,177.45118794295243,940415.2090187663
2022-23,Agriculture,1113899320,248.03875926991196,4490827.656446515
2022-23,Manufacturing,5561762125,248.03875926991196,22422955.756474238
2022-23,Mining,182451815,248.03875926991196,735577.8408867896
2023-24,Agriculture,1945277506,282.89845707291914,6876239.362092352
2023-24,Manufacturing,6418983164,282.89845707291914,22690060.703814514
2023-24,Mining,306381723,282.89845707291914,1083009.5228162657
